id,login,email
6,dgeorge5,ccarter5@mail.ru
7,bchavez6,jvasquez6@joomla.org
8,jpierce7,ghernandez7@linkedin.com
9,bboyd8,eoliver8@mit.edu
10,lschmidt9,hclark9@washington.edu
11,rmeyera,mhughesa@ifeng.com
12,mbarnesb,lfisherb@utexas.edu
13,afreemanc,scolemanc@techcrunch.com
14,shicksd,jbowmand@npr.org
15,acunninghame,kgordone@usgs.gov
16,csanchezf,fsandersf@tuttocitta.it
17,hjonesg,tjohnstong@google.com.hk
18,rhayesh,gharveyh@hibu.com
19,jmartinezi,mwatkinsi@delicious.com
20,awatkinsj,jhansenj@cmu.edu
21,kthompsonk,agonzalesk@dailymail.co.uk
22,mcarterl,jgordonl@indiatimes.com
23,ewebbm,ajacobsm@wix.com
24,jwagnern,rbishopn@opera.com
25,rsmitho,drobertso@tamu.edu
26,cfergusonp,ggordonp@europa.eu
27,jhansonq,jgarrettq@howstuffworks.com
28,rdiazr,jpricer@admin.ch
29,nperezs,pstones@ca.gov
30,jfernandezt,jmillst@behance.net
31,mpowellu,itorresu@usatoday.com
32,emedinav,lmoorev@umich.edu
33,ewarrenw,erichardsonw@uiuc.edu
34,dromerox,mhendersonx@icq.com
35,mphillipsy,scoxy@ca.gov
36,drogersz,bporterz@jiathis.com
37,nferguson10,esimmons10@nih.gov
38,cmeyer11,drogers11@wired.com
39,cburke12,nphillips12@over-blog.com
40,jwatkins13,cfuller13@geocities.jp
41,vmorales14,phayes14@hud.gov
42,amurray15,ffranklin15@google.de
43,kmcdonald16,sburns16@so-net.ne.jp
44,dmarshall17,award17@boston.com
45,mdaniels18,cowens18@hostgator.com
46,kgreene19,cfox19@pagesperso-orange.fr
47,mburton1a,jdean1a@bloomberg.com
48,croberts1b,ffox1b@nhs.uk
49,jcox1c,dboyd1c@gov.uk
50,sbaker1d,klewis1d@ted.com
51,tsullivan1e,hcooper1e@yahoo.com
52,pwelch1f,bevans1f@blinklist.com
53,pmoore1g,wrichardson1g@booking.com
54,rchavez1h,abailey1h@so-net.ne.jp
55,wrichards1i,sflores1i@smugmug.com
56,sperry1j,hwhite1j@comcast.net
57,aday1k,estanley1k@wikipedia.org
58,fking1l,nsimmons1l@stanford.edu
59,jfernandez1m,lstone1m@irs.gov
60,dnichols1n,lhicks1n@list-manage.com
61,wsullivan1o,ewilliamson1o@topsy.com
62,lroberts1p,rcastillo1p@theatlantic.com
63,ahernandez1q,jroberts1q@boston.com
64,mmitchell1r,wmorales1r@geocities.com
65,lgrant1s,cmitchell1s@amazon.co.uk
66,jfields1t,dharvey1t@ifeng.com
67,cwatson1u,jscott1u@bloomberg.com
68,jweaver1v,dcampbell1v@bigcartel.com
69,mwatson1w,ddaniels1w@macromedia.com
70,bking1x,rperez1x@simplemachines.org
71,jshaw1y,wwheeler1y@statcounter.com
72,jcrawford1z,dclark1z@arizona.edu
73,cbailey20,rford20@discuz.net
74,rcunningham21,byoung21@bizjournals.com
75,smartinez22,rreid22@sohu.com
76,rperkins23,msullivan23@vk.com
77,lmitchell24,hrobinson24@microsoft.com
78,rgriffin25,nwhite25@gizmodo.com
79,mmitchell26,mgrant26@nifty.com
80,jcox27,jowens27@usda.gov
81,ecollins28,alopez28@who.int
82,jmarshall29,jwatson29@cyberchimps.com
83,dbell2a,tanderson2a@weather.com
84,nweaver2b,mbailey2b@huffingtonpost.com
85,nday2c,ehill2c@ucoz.com
86,jgriffin2d,gbutler2d@dion.ne.jp
87,ptucker2e,dstewart2e@cdbaby.com
88,awebb2f,rhill2f@homestead.com
89,mbowman2g,jsnyder2g@nydailynews.com
90,dfreeman2h,handrews2h@mlb.com
91,rwelch2i,jruiz2i@timesonline.co.uk
92,rdaniels2j,bsnyder2j@go.com
93,mmorrison2k,trogers2k@kickstarter.com
94,jprice2l,jfowler2l@mayoclinic.com
95,charvey2m,gferguson2m@addtoany.com
96,adixon2n,ehall2n@so-net.ne.jp
97,jcarroll2o,crodriguez2o@businessweek.com
98,hbailey2p,jgonzales2p@icio.us
99,apayne2q,sreed2q@typepad.com
100,mwoods2r,amarshall2r@tripod.com
101,jedwards2s,hjackson2s@harvard.edu
102,pnelson2t,kgray2t@ocn.ne.jp
103,jpowell2u,bhunt2u@ovh.net
104,gprice2v,barnold2v@si.edu
105,vsnyder2w,pramirez2w@storify.com
106,eburke2x,awalker2x@lulu.com
107,jtaylor2y,aflores2y@google.com.hk
108,jgonzalez2z,rruiz2z@usgs.gov
109,mharrison30,rwebb30@utexas.edu
110,cgardner31,hbutler31@exblog.jp
111,bgray32,acollins32@sphinn.com
112,cparker33,swatson33@angelfire.com
113,tmason34,chunter34@hud.gov
114,ppatterson35,rwest35@technorati.com
115,jlong36,dwells36@hhs.gov
116,ecarpenter37,cburke37@homestead.com
117,agarza38,vlarson38@rambler.ru
118,ssims39,lferguson39@google.pl
119,sharrison3a,pmartinez3a@opensource.org
120,rsanders3b,phansen3b@senate.gov
121,roliver3c,sharrison3c@hugedomains.com
122,dwillis3d,jlawson3d@sciencedaily.com
123,rwillis3e,dhart3e@hc360.com
124,kmatthews3f,jdaniels3f@amazon.com
125,egraham3g,ahunter3g@zimbio.com
126,ereid3h,kfields3h@zimbio.com
127,blittle3i,bday3i@infoseek.co.jp
128,marmstrong3j,kstone3j@addtoany.com
129,mwood3k,rallen3k@addtoany.com
130,cwatkins3l,dpatterson3l@blogger.com
131,rturner3m,thall3m@phoca.cz
132,nhart3n,swallace3n@people.com.cn
133,eray3o,jwillis3o@a8.net
134,sreynolds3p,pwelch3p@domainmarket.com
135,dmedina3q,nellis3q@fotki.com
136,lparker3r,dpowell3r@sun.com
137,nsanchez3s,cwagner3s@tripod.com
138,dhudson3t,eramirez3t@walmart.com
139,abrown3u,scox3u@marketwatch.com
140,jmitchell3v,pbrown3v@wufoo.com
141,sparker3w,jarmstrong3w@weebly.com
142,jgreen3x,mjacobs3x@bbc.co.uk
143,dgarcia3y,tvasquez3y@technorati.com
144,agrant3z,kedwards3z@xing.com
145,gcooper40,dbrooks40@theguardian.com
146,estewart41,chill41@google.ca
147,rromero42,elewis42@alexa.com
148,hcrawford43,nchavez43@utexas.edu
149,kschmidt44,rdixon44@cafepress.com
150,pelliott45,jsimmons45@youtube.com
151,daustin46,igutierrez46@1und1.de
152,lmorris47,ggarza47@alibaba.com
153,swells48,tgreen48@w3.org
154,tjenkins49,bbutler49@ucsd.edu
155,vhayes4a,jhamilton4a@myspace.com
156,swoods4b,jgutierrez4b@blog.com
157,mwells4c,jlong4c@linkedin.com
158,hharper4d,jolson4d@ycombinator.com
159,pshaw4e,pfisher4e@prlog.org
160,lpeterson4f,cowens4f@yolasite.com
161,wford4g,sroberts4g@guardian.co.uk
162,nlopez4h,agarcia4h@newsvine.com
163,rsanders4i,dhill4i@walmart.com
164,awells4j,rcarter4j@time.com
165,jwells4k,ekennedy4k@over-blog.com
166,kcrawford4l,rcarpenter4l@blogs.com
167,ajones4m,djames4m@csmonitor.com
168,ehicks4n,mburke4n@sfgate.com
169,rferguson4o,eroberts4o@businessweek.com
170,jcooper4p,afrazier4p@japanpost.jp
171,rrice4q,lburke4q@unblog.fr
172,ereynolds4r,clittle4r@jiathis.com
173,jharper4s,sboyd4s@slashdot.org
174,rmyers4t,aperez4t@squidoo.com
175,ghayes4u,dtaylor4u@deviantart.com
176,rford4v,ncastillo4v@smugmug.com
177,mrichards4w,echavez4w@apple.com
178,jburns4x,amills4x@fda.gov
179,mruiz4y,bdixon4y@ucsd.edu
180,rortiz4z,ballen4z@fotki.com
181,tkennedy50,hwoods50@stanford.edu
182,rhayes51,asanchez51@deliciousdays.com
183,dwilson52,award52@imgur.com
184,rburns53,jlittle53@ustream.tv
185,tflores54,nhunt54@wikimedia.org
186,asullivan55,trichards55@artisteer.com
187,jcampbell56,dcook56@mit.edu
188,gbailey57,sevans57@alibaba.com
189,emeyer58,lrobertson58@npr.org
190,jarnold59,pphillips59@domainmarket.com
191,egraham5a,mgordon5a@deviantart.com
192,ralvarez5b,rford5b@hp.com
193,kferguson5c,tgriffin5c@sbwire.com
194,banderson5d,jgray5d@google.com
195,jstephens5e,jwhite5e@theglobeandmail.com
196,jduncan5f,ahill5f@drupal.org
197,srussell5g,lray5g@soundcloud.com
198,hlarson5h,sspencer5h@gnu.org
199,ccruz5i,dpowell5i@sogou.com
200,jperkins5j,emendoza5j@jiathis.com
201,srogers5k,hburton5k@dropbox.com
202,agonzalez5l,jgeorge5l@addthis.com
203,jfisher5m,smurphy5m@upenn.edu
204,tdunn5n,jbaker5n@mapquest.com
205,trice5o,dreid5o@tripod.com
206,tadams5p,jrice5p@nifty.com
207,crogers5q,rwright5q@comcast.net
208,kpatterson5r,jhughes5r@sun.com
209,aharrison5s,pryan5s@constantcontact.com
210,jpalmer5t,jmurphy5t@seesaa.net
211,chamilton5u,kkim5u@alibaba.com
212,tjohnson5v,swebb5v@newsvine.com
213,sturner5w,krichards5w@naver.com
214,dtucker5x,blee5x@moonfruit.com
215,hmurray5y,nramirez5y@yolasite.com
216,rmurray5z,cdean5z@gizmodo.com
217,shicks60,twashington60@ezinearticles.com
218,mhernandez61,mjames61@gravatar.com
219,kallen62,kcole62@storify.com
220,wdaniels63,hthomas63@vk.com
221,jharper64,bwright64@google.co.uk
222,fcox65,lpierce65@harvard.edu
223,dyoung66,wchavez66@unblog.fr
224,haustin67,jblack67@fda.gov
225,ltorres68,rsims68@123-reg.co.uk
226,jkim69,eprice69@geocities.jp
227,mduncan6a,jturner6a@bravesites.com
228,thall6b,rmurphy6b@huffingtonpost.com
229,jhart6c,ageorge6c@mapquest.com
230,lroberts6d,aromero6d@facebook.com
231,mmcdonald6e,lmorales6e@cisco.com
232,jelliott6f,hwarren6f@hubpages.com
233,tlane6g,vgordon6g@tmall.com
234,sthomas6h,bcampbell6h@nydailynews.com
235,cray6i,karmstrong6i@weebly.com
236,jryan6j,cwatson6j@berkeley.edu
237,kmeyer6k,aanderson6k@google.com.au
238,mthomas6l,pfields6l@gmpg.org
239,nwoods6m,hflores6m@simplemachines.org
240,amurphy6n,lpatterson6n@ibm.com
241,sallen6o,nwright6o@nhs.uk
242,pmedina6p,bhudson6p@samsung.com
243,lperkins6q,apayne6q@mtv.com
244,cwatson6r,rsullivan6r@yandex.ru
245,hsanders6s,rcole6s@stanford.edu
246,mmorgan6t,swatson6t@aol.com
247,hbrooks6u,smitchell6u@devhub.com
248,hwalker6v,tlong6v@topsy.com
249,rlee6w,solson6w@dropbox.com
250,jscott6x,ebrooks6x@sfgate.com
251,smoore6y,mhall6y@yandex.ru
252,cparker6z,amcdonald6z@creativecommons.org
253,amiller70,aturner70@vimeo.com
254,rwhite71,lbishop71@issuu.com
255,bstephens72,wwebb72@telegraph.co.uk
256,swashington73,tgordon73@mail.ru
257,lmorgan74,sallen74@oakley.com
258,rrogers75,dgilbert75@reverbnation.com
259,sbowman76,nlee76@amazon.co.jp
260,rberry77,djackson77@intel.com
261,kryan78,dking78@surveymonkey.com
262,elane79,icarroll79@admin.ch
263,jhenry7a,lmitchell7a@list-manage.com
264,khamilton7b,jbishop7b@psu.edu
265,rwheeler7c,jburke7c@state.gov
266,lsims7d,jreed7d@bandcamp.com
267,hgarrett7e,rhoward7e@slideshare.net
268,kmiller7f,ncook7f@bloomberg.com
269,kbryant7g,jbryant7g@dropbox.com
270,bgraham7h,rharvey7h@berkeley.edu
271,clong7i,ctorres7i@usa.gov
272,bgray7j,kjohnston7j@imgur.com
273,smcdonald7k,kbarnes7k@auda.org.au
274,nlynch7l,aday7l@clickbank.net
275,lgarrett7m,lriley7m@home.pl
276,eharvey7n,rsimmons7n@phoca.cz
277,wlawrence7o,mjohnson7o@sourceforge.net
278,eharris7p,jmontgomery7p@amazon.com
279,mmeyer7q,bhernandez7q@psu.edu
280,cbowman7r,drose7r@mysql.com
281,ckim7s,ethomas7s@clickbank.net
282,hhenderson7t,rjordan7t@youtube.com
283,chansen7u,dhunt7u@mysql.com
284,mcarpenter7v,lhughes7v@youtube.com
285,sallen7w,rwright7w@state.gov
286,mpatterson7x,jcunningham7x@google.pl
287,dbishop7y,eberry7y@cyberchimps.com
288,krichardson7z,rprice7z@paginegialle.it
289,tblack80,ljames80@sina.com.cn
290,psnyder81,marmstrong81@netvibes.com
291,dburns82,bhansen82@msu.edu
292,epowell83,rjacobs83@mac.com
293,kwheeler84,hfowler84@utexas.edu
294,awebb85,jmarshall85@independent.co.uk
295,nlee86,tbanks86@merriam-webster.com
296,abailey87,pbrown87@deviantart.com
297,rbarnes88,kgreen88@nytimes.com
298,bkennedy89,fdixon89@mediafire.com
299,jmcdonald8a,dsimmons8a@digg.com
300,shenry8b,jramirez8b@epa.gov
301,sreed8c,rspencer8c@irs.gov
302,scole8d,jmcdonald8d@histats.com
303,mrichardson8e,pburton8e@europa.eu
304,kriley8f,ariley8f@goo.gl
305,mjacobs8g,fgibson8g@a8.net
306,sstanley8h,kgriffin8h@flavors.me
307,bparker8i,jgarrett8i@cmu.edu
308,phill8j,mwilliams8j@tumblr.com
309,mgray8k,cduncan8k@yahoo.co.jp
310,dfox8l,gdean8l@rakuten.co.jp
311,amccoy8m,ehall8m@parallels.com
312,mjordan8n,epeterson8n@telegraph.co.uk
313,gporter8o,ljordan8o@about.me
314,kmason8p,avasquez8p@mayoclinic.com
315,jwilliamson8q,jshaw8q@independent.co.uk
316,dfowler8r,gphillips8r@sourceforge.net
317,lfranklin8s,malexander8s@arizona.edu
318,pelliott8t,knguyen8t@mtv.com
319,jjacobs8u,larmstrong8u@spotify.com
320,shunt8v,rmoreno8v@dion.ne.jp
321,imurray8w,nlynch8w@tripadvisor.com
322,dharper8x,mgardner8x@mit.edu
323,rhunter8y,ccoleman8y@engadget.com
324,spatterson8z,pwilson8z@fotki.com
325,pschmidt90,hfowler90@i2i.jp
326,mporter91,jtaylor91@mtv.com
327,rross92,mkelley92@topsy.com
328,jschmidt93,cwilliamson93@usnews.com
329,aadams94,ppierce94@xinhuanet.com
330,smendoza95,mjones95@photobucket.com
331,jramos96,pwells96@dailymail.co.uk
332,galvarez97,gwood97@mozilla.com
333,abell98,jjohnson98@adobe.com
334,jrobinson99,cwillis99@digg.com
335,rmeyer9a,jmurray9a@tamu.edu
336,dclark9b,jalvarez9b@comcast.net
337,sclark9c,cmccoy9c@foxnews.com
338,pmendoza9d,dlynch9d@exblog.jp
339,hdixon9e,ccarter9e@free.fr
340,idixon9f,hreyes9f@usnews.com
341,dcooper9g,awood9g@webeden.co.uk
342,lfernandez9h,jcarroll9h@state.tx.us
343,abishop9i,bcox9i@techcrunch.com
344,sbennett9j,jcarter9j@ustream.tv
345,hburns9k,jmorales9k@woothemes.com
346,ajames9l,jfreeman9l@sina.com.cn
347,relliott9m,mcox9m@free.fr
348,rbarnes9n,kday9n@imgur.com
349,kmcdonald9o,cwebb9o@techcrunch.com
350,jford9p,aburns9p@biblegateway.com
351,fperkins9q,rjames9q@ftc.gov
352,jmartinez9r,ppowell9r@symantec.com
353,randerson9s,mjohnson9s@sina.com.cn
354,banderson9t,jkelley9t@4shared.com
355,bbowman9u,thudson9u@wp.com
356,tgardner9v,rryan9v@cloudflare.com
357,rgriffin9w,jbanks9w@over-blog.com
358,arodriguez9x,astewart9x@woothemes.com
359,gpeters9y,lperry9y@hubpages.com
360,kclark9z,abrooks9z@umich.edu
361,ipalmera0,lpetersona0@ycombinator.com
362,alyncha1,bwilsona1@guardian.co.uk
363,aandrewsa2,dmorgana2@patch.com
364,ghowarda3,cpricea3@alibaba.com
365,awilliamsona4,rraya4@wikipedia.org
366,drichardsona5,arichardsa5@scientificamerican.com
367,aolivera6,kbennetta6@typepad.com
368,jkellya7,astanleya7@msu.edu
369,tgutierreza8,slawsona8@ifeng.com
370,gclarka9,rmillsa9@comsenz.com
371,hwillisaa,rriveraaa@state.gov
372,clopezab,jramirezab@163.com
373,mfrazierac,rkelleyac@blogtalkradio.com
374,lstonead,rrobertsad@google.nl
375,tpalmerae,ncastilloae@japanpost.jp
376,cmooreaf,cmarshallaf@drupal.org
377,mwhiteag,lchavezag@mit.edu
378,tsanchezah,cowensah@mayoclinic.com
379,rberryai,mburnsai@rambler.ru
380,mperkinsaj,kmurphyaj@freewebs.com
381,fgilbertak,rjamesak@nationalgeographic.com
382,tjenkinsal,jcarrollal@wiley.com
383,bgardneram,telliottam@livejournal.com
384,erobinsonan,rmarshallan@state.tx.us
385,aarnoldao,prichardsao@canalblog.com
386,aperezap,jchavezap@deviantart.com
387,rrichardsonaq,aturneraq@state.tx.us
388,solsonar,mstevensar@rediff.com
389,ljordanas,eriveraas@yahoo.com
390,jfergusonat,dpayneat@independent.co.uk
391,bwoodsau,hperezau@i2i.jp
392,jgarrettav,hwatkinsav@reuters.com
393,dgrahamaw,nwarrenaw@multiply.com
394,wlopezax,sgarzaax@simplemachines.org
395,hellisay,scooperay@weebly.com
396,kgeorgeaz,smcdonaldaz@google.de
397,eramosb0,asimsb0@techcrunch.com
398,fwarrenb1,rpowellb1@nymag.com
399,dburtonb2,ccruzb2@gnu.org
400,imendozab3,asimsb3@networkadvertising.org
401,thawkinsb4,bbarnesb4@netvibes.com
402,ggarzab5,alittleb5@google.com.br
403,jjenkinsb6,rrussellb6@usa.gov
404,pgrantb7,tandrewsb7@java.com
405,jbaileyb8,ecooperb8@booking.com
406,mfergusonb9,lnelsonb9@apple.com
407,bholmesba,hsimpsonba@pinterest.com
408,jromerobb,rcoxbb@yale.edu
409,gburtonbc,brobertsbc@skyrock.com
410,jcruzbd,arodriguezbd@uiuc.edu
411,lwashingtonbe,rbrooksbe@scientificamerican.com
412,sriverabf,dbellbf@mlb.com
413,ematthewsbg,jgreenebg@bandcamp.com
414,csnyderbh,aclarkbh@hc360.com
415,haustinbi,bpetersbi@soundcloud.com
416,druizbj,cgraybj@goo.ne.jp
417,lgrahambk,sfordbk@nba.com
418,elongbl,vmontgomerybl@amazonaws.com
419,fsullivanbm,mlanebm@facebook.com
420,showardbn,bmyersbn@themeforest.net
421,lcooperbo,eoliverbo@stumbleupon.com
422,rrobertsonbp,ahudsonbp@cpanel.net
423,tcarterbq,jkennedybq@washingtonpost.com
424,csnyderbr,khamiltonbr@craigslist.org
425,polsonbs,awestbs@nasa.gov
426,jraybt,rtaylorbt@businesswire.com
427,ssandersbu,sfieldsbu@devhub.com
428,dpaynebv,vsanchezbv@mail.ru
429,bhudsonbw,dsimpsonbw@woothemes.com
430,kporterbx,dwheelerbx@auda.org.au
431,rfullerby,dhillby@hao123.com
432,tnguyenbz,shudsonbz@huffingtonpost.com
433,pnguyenc0,aholmesc0@naver.com
434,swallacec1,bkelleyc1@constantcontact.com
435,kstanleyc2,bpattersonc2@mediafire.com
436,dbanksc3,jgrayc3@illinois.edu
437,hwestc4,hgrayc4@barnesandnoble.com
438,jmorrisonc5,dcarrollc5@mysql.com
439,pwilliamsonc6,dchavezc6@cdbaby.com
440,alynchc7,dwashingtonc7@ehow.com
441,jcollinsc8,scarrc8@newsvine.com
442,dalexanderc9,jbarnesc9@t.co
443,jcarrollca,cwilsonca@ebay.com
444,redwardscb,jgreenecb@toplist.cz
445,mboydcc,amorenocc@archive.org
446,mbellcd,sknightcd@oakley.com
447,larmstrongce,lpalmerce@trellian.com
448,drobertscf,jturnercf@lulu.com
449,wjacobscg,pthompsoncg@statcounter.com
450,shamiltonch,cstonech@vistaprint.com
451,rsimpsonci,aramirezci@msu.edu
452,rwallacecj,jwilliscj@china.com.cn
453,jmooreck,bporterck@hp.com
454,mcastillocl,lthompsoncl@va.gov
455,dlewiscm,wcarrollcm@tumblr.com
456,cwarrencn,lgraycn@skyrock.com
457,trodriguezco,pkingco@wikimedia.org
458,kparkercp,darnoldcp@squidoo.com
459,dmitchellcq,kcoxcq@flavors.me
460,jflorescr,hfranklincr@illinois.edu
461,dpaynecs,dbrowncs@reference.com
462,bfullerct,rbryantct@seattletimes.com
463,jjacobscu,kscottcu@netvibes.com
464,storrescv,kwilsoncv@marriott.com
465,kolsoncw,fparkercw@yale.edu
466,sadamscx,pcolecx@networksolutions.com
467,jlynchcy,randersoncy@t.co
468,cgonzalescz,swatkinscz@businessweek.com
469,jhughesd0,jjohnsond0@1und1.de
470,bortizd1,sphillipsd1@mysql.com
471,mpriced2,kjacksond2@earthlink.net
472,sgreend3,bmoralesd3@reference.com
473,elawsond4,gholmesd4@engadget.com
474,hgardnerd5,pporterd5@sphinn.com
475,acarpenterd6,jaustind6@creativecommons.org
476,ncoled7,jcookd7@jimdo.com
477,priverad8,jjacksond8@mediafire.com
478,mcampbelld9,acarrd9@phpbb.com
479,khamiltonda,kmartinda@cargocollective.com
480,toliverdb,dmillerdb@google.de
481,bhendersondc,jwilliamsdc@disqus.com
482,gwilliamsdd,kthomasdd@ted.com
483,plongde,afordde@over-blog.com
484,cmontgomerydf,dolsondf@youku.com
485,sdixondg,jcoxdg@woothemes.com
486,jalvarezdh,eharrisdh@jimdo.com
487,nkingdi,smarshalldi@angelfire.com
488,bmillsdj,sortizdj@phoca.cz
489,cfreemandk,thernandezdk@issuu.com
490,jwatsondl,jcampbelldl@uol.com.br
491,bgardnerdm,cshawdm@salon.com
492,pspencerdn,sjohnsondn@imdb.com
493,psandersdo,candrewsdo@umn.edu
494,sduncandp,pboyddp@sogou.com
495,jgordondq,delliottdq@tiny.cc
496,jmorrisondr,jjacobsdr@ox.ac.uk
497,rmartinezds,jdiazds@nature.com
498,rortizdt,mhawkinsdt@yolasite.com
499,bforddu,fdeandu@wikia.com
500,dcrawforddv,mdaydv@clickbank.net
501,jfullerdw,jgonzalezdw@marketwatch.com
502,gcarterdx,bmendozadx@hugedomains.com
503,dallendy,vberrydy@rakuten.co.jp
504,doliverdz,wburkedz@theguardian.com
505,fchaveze0,dharrisone0@cyberchimps.com
506,ethompsone1,vmooree1@cbsnews.com
507,jmorenoe2,rrileye2@godaddy.com
508,rmatthewse3,ccampbelle3@moonfruit.com
509,kmarshalle4,rdaye4@engadget.com
510,hholmese5,wschmidte5@gnu.org
511,hforde6,hadamse6@marketwatch.com
512,jwilsone7,jrichardsone7@unblog.fr
513,rgarrette8,rwarrene8@spiegel.de
514,lwelche9,salexandere9@ucoz.ru
515,mmasonea,dharrisonea@abc.net.au
516,khawkinseb,scrawfordeb@columbia.edu
517,bbutlerec,jpetersonec@wiley.com
518,sgonzalesed,sbrowned@noaa.gov
519,fwatkinsee,rdunnee@youtube.com
520,jfieldsef,fwheeleref@addthis.com
521,pgrayeg,ebishopeg@skyrock.com
522,jlittleeh,rbennetteh@t.co
523,amillsei,crobinsonei@home.pl
524,ddanielsej,awoodsej@senate.gov
525,tgriffinek,asmithek@cpanel.net
526,gelliottel,ajacobsel@weibo.com
527,rlongem,kwhiteem@kickstarter.com
528,sjordanen,dmendozaen@zdnet.com
529,athomaseo,jfordeo@miibeian.gov.cn
530,rlawrenceep,aruizep@nsw.gov.au
531,sharrisoneq,jwhiteeq@huffingtonpost.com
532,pwester,rcolemaner@arizona.edu
533,llawrencees,djacksones@intel.com
534,sboydet,frogerset@businesswire.com
535,kcunninghameu,bdaviseu@toplist.cz
536,calexanderev,afowlerev@tamu.edu
537,mblackew,bgarrettew@usnews.com
538,cmedinaex,cjamesex@usda.gov
539,cbradleyey,dmorrisoney@etsy.com
540,bdayez,bjohnsonez@seattletimes.com
541,tvasquezf0,vsnyderf0@123-reg.co.uk
542,cbaileyf1,wlittlef1@indiatimes.com
543,gbrownf2,rtuckerf2@zdnet.com
544,jhowellf3,jmartinezf3@1und1.de
545,cmarshallf4,jriveraf4@answers.com
546,ffloresf5,dharrisonf5@pcworld.com
547,scookf6,tcruzf6@chron.com
548,aturnerf7,slawsonf7@miibeian.gov.cn
549,rstonef8,jcunninghamf8@jiathis.com
550,sortizf9,hcarpenterf9@flavors.me
551,kporterfa,aknightfa@usgs.gov
552,rmccoyfb,tcarrollfb@cam.ac.uk
553,rdiazfc,kshawfc@fema.gov
554,kandersonfd,ehamiltonfd@timesonline.co.uk
555,lpetersonfe,pmartinfe@angelfire.com
556,charveyff,drobertsonff@marketwatch.com
557,rsimpsonfg,jpowellfg@nytimes.com
558,bjohnsonfh,fcookfh@ustream.tv
559,tberryfi,kcrawfordfi@wikimedia.org
560,kbryantfj,cdiazfj@patch.com
561,gwilsonfk,bmoralesfk@google.co.uk
562,dwoodsfl,rhartfl@unesco.org
563,scarrfm,rrossfm@comsenz.com
564,abrooksfn,rhicksfn@blogspot.com
565,bgeorgefo,prosefo@yolasite.com
566,mmcdonaldfp,jrobertsonfp@meetup.com
567,mbakerfq,jharrisonfq@bing.com
568,phendersonfr,pperezfr@tiny.cc
569,probertsonfs,lwagnerfs@jigsy.com
570,csimpsonft,cdunnft@amazonaws.com
571,rharveyfu,dhillfu@twitter.com
572,agutierrezfv,schavezfv@youku.com
573,abishopfw,pruizfw@photobucket.com
574,jmontgomeryfx,ncarrollfx@ow.ly
575,ngrahamfy,csnyderfy@ehow.com
576,rlewisfz,edanielsfz@tumblr.com
577,wperryg0,tsimsg0@bloglovin.com
578,pjacksong1,awilliamsong1@vimeo.com
579,nandersong2,ejenkinsg2@github.io
580,bwoodsg3,mscottg3@nbcnews.com
581,cdeang4,rhawkinsg4@google.com.hk
582,jcoxg5,alawrenceg5@yahoo.com
583,twelchg6,criceg6@wired.com
584,amarshallg7,bhudsong7@liveinternet.ru
585,ahawkinsg8,sbryantg8@hugedomains.com
586,mturnerg9,ghicksg9@who.int
587,rmoralesga,rsimmonsga@zimbio.com
588,jhowardgb,ewelchgb@slate.com
589,rmorrisongc,pbutlergc@oracle.com
590,jramosgd,lfowlergd@desdev.cn
591,jpetersge,hyoungge@umich.edu
592,pbarnesgf,mpricegf@oaic.gov.au
593,alittlegg,swoodgg@vinaora.com
594,bramirezgh,ewagnergh@blog.com
595,hricegi,dhansengi@icq.com
596,jreyesgj,pgarciagj@adobe.com
597,sarnoldgk,rgriffingk@slate.com
598,helliottgl,clopezgl@51.la
599,sbanksgm,rbrowngm@infoseek.co.jp
600,jcollinsgn,abennettgn@time.com
601,mhowellgo,jhallgo@sphinn.com
602,rcarrgp,waustingp@reference.com
603,jstephensgq,erodriguezgq@gmpg.org
604,wstewartgr,sricegr@photobucket.com
605,kreyesgs,kschmidtgs@jalbum.net
606,cdeangt,nmarshallgt@qq.com
607,jcoopergu,treidgu@1und1.de
608,bturnergv,jblackgv@zdnet.com
609,kgriffingw,rriveragw@xrea.com
610,jfowlergx,mrussellgx@rambler.ru
611,ablackgy,jcruzgy@mapy.cz
612,tbaileygz,mbellgz@chronoengine.com
613,cbutlerh0,dbaileyh0@so-net.ne.jp
614,dmurphyh1,djenkinsh1@g.co
615,marnoldh2,rturnerh2@youtube.com
616,djohnsonh3,nvasquezh3@bbc.co.uk
617,hdavish4,eporterh4@twitter.com
618,ptuckerh5,aknighth5@disqus.com
619,rryanh6,bmatthewsh6@reuters.com
620,kmitchellh7,jkimh7@purevolume.com
621,cburkeh8,mpierceh8@hibu.com
622,cwilsonh9,jcollinsh9@alexa.com
623,tcookha,jspencerha@is.gd
624,rmillerhb,dwilsonhb@wsj.com
625,dfosterhc,jalvarezhc@army.mil
626,galexanderhd,abowmanhd@macromedia.com
627,ablackhe,mdixonhe@ft.com
628,ewilliamshf,jstevenshf@slashdot.org
629,rrosehg,jjohnstonhg@techcrunch.com
630,kmedinahh,fhansonhh@indiegogo.com
631,rhenryhi,acooperhi@shutterfly.com
632,rrayhj,lfergusonhj@dagondesign.com
633,jpetershk,mhowardhk@newsvine.com
634,rcolemanhl,hbarneshl@shop-pro.jp
635,rhernandezhm,lfullerhm@exblog.jp
636,gclarkhn,rperkinshn@google.de
637,phamiltonho,jfernandezho@yellowpages.com
638,bwashingtonhp,mfosterhp@sitemeter.com
639,bgarretthq,abrookshq@amazon.de
640,chudsonhr,rharthr@miitbeian.gov.cn
641,mnguyenhs,dreedhs@51.la
642,rwatkinsht,rwarrenht@discovery.com
643,jjameshu,rsanchezhu@reuters.com
644,awhitehv,portizhv@sciencedaily.com
645,fsimpsonhw,blawrencehw@fema.gov
646,lharrishx,vnelsonhx@earthlink.net
647,ryounghy,srichardsonhy@japanpost.jp
648,tblackhz,jfisherhz@harvard.edu
649,jaustini0,jmartini0@list-manage.com
650,aspenceri1,hwelchi1@alexa.com
651,tmontgomeryi2,shendersoni2@theglobeandmail.com
652,aphillipsi3,rrobinsoni3@zdnet.com
653,dandersoni4,scooperi4@sun.com
654,amyersi5,mgilberti5@ihg.com
655,cdunni6,hmartinezi6@mail.ru
656,trodriguezi7,rnguyeni7@bizjournals.com
657,swesti8,awhitei8@technorati.com
658,wwillisi9,dfisheri9@reddit.com
659,mlaneia,ebennettia@so-net.ne.jp
660,eallenib,tperkinsib@skype.com
661,jadamsic,kellisic@sina.com.cn
662,ckingid,jmooreid@theglobeandmail.com
663,twilliamsonie,dgutierrezie@intel.com
664,jlaneif,kperkinsif@ucla.edu
665,wrichardsig,phayesig@live.com
666,nhallih,rkimih@biglobe.ne.jp
667,wrileyii,plawsonii@bloglines.com
668,bhowellij,egrantij@nbcnews.com
669,trodriguezik,nsanchezik@bbb.org
670,kfisheril,dcastilloil@wiley.com
671,tlawsonim,rreyesim@omniture.com
672,aspencerin,tboydin@vinaora.com
673,syoungio,triveraio@disqus.com
674,nsimsip,ageorgeip@last.fm
675,cduncaniq,ejamesiq@cnn.com
676,dstephensir,epierceir@hexun.com
677,rwilsonis,ipetersonis@theglobeandmail.com
678,phernandezit,rramosit@typepad.com
679,pwilliamsoniu,dcollinsiu@bloglines.com
680,kmooreiv,wfosteriv@goodreads.com
681,ablackiw,kortiziw@utexas.edu
682,raustinix,hmyersix@illinois.edu
683,lfulleriy,jblackiy@odnoklassniki.ru
684,drileyiz,jhanseniz@pen.io
685,lkimj0,rcunninghamj0@lycos.com
686,eandersonj1,jbellj1@storify.com
687,mjamesj2,dfoxj2@hubpages.com
688,jmeyerj3,dlarsonj3@domainmarket.com
689,kmccoyj4,bramosj4@istockphoto.com
690,irussellj5,gtuckerj5@economist.com
691,probertsonj6,vlawsonj6@state.gov
692,tbowmanj7,darmstrongj7@wordpress.com
693,jthomasj8,bwashingtonj8@goodreads.com
694,bricej9,pscottj9@umn.edu
695,afranklinja,mbutlerja@bbb.org
696,gfieldsjb,eblackjb@wisc.edu
697,rpattersonjc,chudsonjc@canalblog.com
698,jfordjd,pmedinajd@wordpress.org
699,ldunnje,alongje@printfriendly.com
700,jchavezjf,kfernandezjf@narod.ru
701,crobinsonjg,jboydjg@slate.com
702,jhendersonjh,snguyenjh@spotify.com
703,jharrisji,schavezji@thetimes.co.uk
704,candrewsjj,kgrayjj@xrea.com
705,lmedinajk,wfranklinjk@howstuffworks.com
706,fhendersonjl,bhowelljl@simplemachines.org
707,badamsjm,spowelljm@shinystat.com
708,ehendersonjn,pwardjn@1und1.de
709,pnguyenjo,msandersjo@berkeley.edu
710,cpalmerjp,lwagnerjp@cargocollective.com
711,pcolemanjq,egrantjq@deliciousdays.com
712,gmillsjr,elittlejr@archive.org
713,rjohnstonjs,bjenkinsjs@dedecms.com
714,pwheelerjt,whowardjt@trellian.com
715,jgarrettju,rmasonju@shinystat.com
716,hjohnsonjv,egordonjv@smugmug.com
717,jmccoyjw,dbarnesjw@digg.com
718,lramosjx,acollinsjx@networksolutions.com
719,jstevensjy,msullivanjy@nsw.gov.au
720,nfoxjz,dtorresjz@bloglovin.com
721,agardnerk0,rbishopk0@geocities.com
722,plarsonk1,shartk1@hatena.ne.jp
723,sfoxk2,jcarrollk2@scribd.com
724,jwardk3,ckellyk3@china.com.cn
725,jaustink4,malexanderk4@naver.com
726,fevansk5,rwalkerk5@chron.com
727,cmillsk6,lvasquezk6@ox.ac.uk
728,rknightk7,jandrewsk7@a8.net
729,rmcdonaldk8,mrobertsonk8@yale.edu
730,cknightk9,alopezk9@npr.org
731,ahamiltonka,rwestka@soup.io
732,smeyerkb,mpowellkb@wp.com
733,hleekc,pbakerkc@pen.io
734,rwardkd,sgrahamkd@youku.com
735,mpierceke,dsimske@discuz.net
736,mknightkf,dwellskf@t.co
737,sramoskg,tmorriskg@surveymonkey.com
738,itaylorkh,vfranklinkh@bigcartel.com
739,fwarrenki,rmorganki@smh.com.au
740,mwarrenkj,kleekj@census.gov
741,pdanielskk,sbarneskk@barnesandnoble.com
742,amillerkl,jdiazkl@usatoday.com
743,jmurraykm,abarneskm@adobe.com
744,jkimkn,cbakerkn@wunderground.com
745,bkingko,tcolemanko@surveymonkey.com
746,cscottkp,dgreenkp@hexun.com
747,eruizkq,wspencerkq@alexa.com
748,jmorrisonkr,lpricekr@cdbaby.com
749,kjamesks,pevansks@pen.io
750,wrichardsonkt,jbennettkt@usda.gov
751,twhiteku,nbaileyku@tamu.edu
752,flittlekv,sgardnerkv@ft.com
753,mpeterskw,shallkw@mac.com
754,ehayeskx,sharveykx@seattletimes.com
755,tpayneky,mcunninghamky@princeton.edu
756,bvasquezkz,fgarciakz@chicagotribune.com
757,wjonesl0,mgonzalezl0@bravesites.com
758,tcoxl1,cboydl1@nhs.uk
759,aevansl2,bhawkinsl2@amazon.com
760,pwilliamsonl3,kriveral3@google.co.uk
761,jjacobsl4,pporterl4@diigo.com
762,ehunterl5,jcolemanl5@un.org
763,sharrisl6,msanchezl6@vk.com
764,ajenkinsl7,chilll7@imdb.com
765,thendersonl8,esandersl8@barnesandnoble.com
766,dthompsonl9,jlanel9@opera.com
767,jolsonla,jrossla@un.org
768,aclarklb,sharveylb@free.fr
769,jromerolc,cmurraylc@wikimedia.org
770,ttaylorld,salexanderld@rediff.com
771,kgrayle,ehendersonle@edublogs.org
772,elarsonlf,imccoylf@zdnet.com
773,vgarzalg,asimmonslg@nhs.uk
774,sgarzalh,pmasonlh@princeton.edu
775,twoodsli,tkelleyli@goo.ne.jp
776,npalmerlj,mbrookslj@facebook.com
777,jhansonlk,jsnyderlk@pcworld.com
778,rshawll,tmorrisonll@google.ca
779,dleelm,jmedinalm@seattletimes.com
780,lrossln,kwhiteln@reddit.com
781,jdanielslo,dlopezlo@behance.net
782,bryanlp,rwarrenlp@yandex.ru
783,pkinglq,emendozalq@livejournal.com
784,rmedinalr,eporterlr@mapquest.com
785,ajonesls,jbarnesls@a8.net
786,jduncanlt,kbrookslt@dagondesign.com
787,acooperlu,bcarterlu@boston.com
788,wcooperlv,hwashingtonlv@kickstarter.com
789,hcarterlw,shamiltonlw@nyu.edu
790,dreynoldslx,mbaileylx@npr.org
791,glawsonly,cwilsonly@google.ca
792,ablacklz,bgordonlz@shop-pro.jp
793,jjamesm0,hlanem0@list-manage.com
794,lrichardsonm1,jkellym1@sun.com
795,cmatthewsm2,jporterm2@phoca.cz
796,rburtonm3,jmatthewsm3@privacy.gov.au
797,jdaym4,jrussellm4@unicef.org
798,hrodriguezm5,erobinsonm5@ifeng.com
799,ngordonm6,gberrym6@gov.uk
800,rwoodm7,clittlem7@whitehouse.gov
801,bmccoym8,pvasquezm8@booking.com
802,bmartinm9,rturnerm9@columbia.edu
803,rtuckerma,agrahamma@jalbum.net
804,wbaileymb,jwestmb@liveinternet.ru
805,cwestmc,swilsonmc@sakura.ne.jp
806,ggeorgemd,wvasquezmd@reddit.com
807,mhansonme,mburkeme@about.me
808,wsimsmf,maustinmf@deviantart.com
809,jowensmg,lallenmg@goodreads.com
810,sbellmh,helliottmh@deviantart.com
811,bhartmi,rmorrismi@illinois.edu
812,ejenkinsmj,jpaynemj@yahoo.co.jp
813,wgraymk,pbradleymk@usnews.com
814,twilsonml,shillml@creativecommons.org
815,marnoldmm,rlarsonmm@instagram.com
816,jramosmn,sbakermn@oaic.gov.au
817,kfostermo,jcartermo@wikimedia.org
818,sdixonmp,ahicksmp@ihg.com
819,madamsmq,pwoodmq@chicagotribune.com
820,kgreenemr,cshawmr@huffingtonpost.com
821,jrodriguezms,tgeorgems@google.com.au
822,kwalkermt,kbaileymt@soundcloud.com
823,cbowmanmu,mholmesmu@simplemachines.org
824,tfreemanmv,mwatkinsmv@bloglovin.com
825,tmarshallmw,dgonzalesmw@dagondesign.com
826,dgrantmx,adeanmx@europa.eu
827,cbrownmy,whansonmy@cbsnews.com
828,mbishopmz,ahartmz@globo.com
829,jkennedyn0,cbradleyn0@w3.org
830,cstephensn1,jhudsonn1@storify.com
831,ehughesn2,preyesn2@usnews.com
832,cwarrenn3,dberryn3@sakura.ne.jp
833,twagnern4,jjonesn4@hugedomains.com
834,hfraziern5,amorrisonn5@noaa.gov
835,mturnern6,wbennettn6@vk.com
836,cfowlern7,ggrantn7@feedburner.com
837,cmorenon8,lramirezn8@yellowpages.com
838,bfostern9,cpowelln9@nymag.com
839,jcoxna,trayna@archive.org
840,hbowmannb,jtorresnb@answers.com
841,kchapmannc,rpattersonnc@wunderground.com
842,jkelleynd,sstonend@techcrunch.com
843,pmurrayne,mchavezne@spotify.com
844,pandrewsnf,shawkinsnf@google.pl
845,mpattersonng,tfowlerng@accuweather.com
846,vspencernh,wkingnh@imdb.com
847,astephensni,jwestni@hud.gov
848,callennj,spereznj@loc.gov
849,mhawkinsnk,bcooknk@photobucket.com
850,sperrynl,solsonnl@virginia.edu
851,sfranklinnm,sburkenm@etsy.com
852,abakernn,tholmesnn@bigcartel.com
853,ahowardno,rdixonno@foxnews.com
854,ajamesnp,rfullernp@comsenz.com
855,cwashingtonnq,rriveranq@about.com
856,ffernandeznr,ecoopernr@ucsd.edu
857,dwarrenns,pgarcians@angelfire.com
858,lblacknt,radamsnt@fda.gov
859,achapmannu,rthomasnu@ftc.gov
860,aburkenv,fpetersnv@sourceforge.net
861,scarrollnw,irogersnw@cpanel.net
862,planenx,hcarpenternx@free.fr
863,twatsonny,rwellsny@theatlantic.com
864,lrichardsonnz,aburkenz@slate.com
865,tkennedyo0,mfergusono0@icio.us
866,calvarezo1,bweavero1@ucla.edu
867,jruizo2,rweavero2@lycos.com
868,bruizo3,kjameso3@boston.com
869,sedwardso4,wlittleo4@deviantart.com
870,jmooreo5,jmendozao5@tumblr.com
871,hfoxo6,ashawo6@typepad.com
872,khamiltono7,rhamiltono7@state.gov
873,sdaviso8,afishero8@ycombinator.com
874,jjacobso9,aowenso9@furl.net
875,wspenceroa,dwheeleroa@cloudflare.com
876,bpetersob,kgeorgeob@tumblr.com
877,trobertsonoc,jmasonoc@example.com
878,kfreemanod,areynoldsod@de.vu
879,jgomezoe,celliottoe@ebay.com
880,rmorrisonof,abellof@cdc.gov
881,kbakerog,tnicholsog@wired.com
882,hharveyoh,abarnesoh@weibo.com
883,ddavisoi,jrodriguezoi@trellian.com
884,wstoneoj,rleeoj@friendfeed.com
885,mweaverok,sgrahamok@wordpress.com
886,cscottol,jcarrol@goodreads.com
887,pgrantom,rgonzalezom@over-blog.com
888,erichardson,sgordonon@statcounter.com
889,rphillipsoo,amitchelloo@nps.gov
890,shansenop,dwarrenop@si.edu
891,bcastillooq,lburnsoq@delicious.com
892,rshawor,rpetersor@va.gov
893,rwalkeros,vwheeleros@canalblog.com
894,truizot,drobertsot@google.cn
895,emcdonaldou,jwillisou@eventbrite.com
896,mgeorgeov,jkingov@geocities.com
897,bwashingtonow,mburtonow@amazonaws.com
898,dwellsox,thartox@ucsd.edu
899,nbaileyoy,rpriceoy@ox.ac.uk
900,mcrawfordoz,bmitchelloz@reuters.com
901,gmyersp0,ejordanp0@utexas.edu
902,jgrahamp1,aalvarezp1@prnewswire.com
903,tmendozap2,arayp2@sfgate.com
904,rperkinsp3,jstephensp3@va.gov
905,dramosp4,jreedp4@diigo.com
906,jolsonp5,jboydp5@tumblr.com
907,rschmidtp6,jjacksonp6@tiny.cc
908,jmillerp7,bsnyderp7@army.mil
909,rgonzalesp8,jfloresp8@toplist.cz
910,bburkep9,lreynoldsp9@shareasale.com
911,mkingpa,mgreenepa@csmonitor.com
912,mnelsonpb,lbryantpb@nyu.edu
913,rwheelerpc,mbrownpc@deviantart.com
914,gmoorepd,nfosterpd@pagesperso-orange.fr
915,schavezpe,jmoorepe@constantcontact.com
916,gblackpf,jmccoypf@sogou.com
917,mcarrollpg,rsimmonspg@hhs.gov
918,jpattersonph,cspencerph@nsw.gov.au
919,lpeterspi,drobertsonpi@shutterfly.com
920,kgardnerpj,dphillipspj@dailymail.co.uk
921,emurphypk,dhenrypk@google.com.hk
922,sgordonpl,jmatthewspl@uiuc.edu
923,tmendozapm,jhartpm@hostgator.com
924,jbishoppn,swestpn@digg.com
925,thudsonpo,rpowellpo@mapy.cz
926,cholmespp,blawsonpp@a8.net
927,alongpq,jcoxpq@wp.com
928,hstephenspr,bkennedypr@multiply.com
929,cshawps,asandersps@comcast.net
930,tdeanpt,abellpt@chron.com
931,bbowmanpu,pduncanpu@berkeley.edu
932,jwoodspv,jmurphypv@wsj.com
933,dhuntpw,mwilliamsonpw@ox.ac.uk
934,rpaynepx,dgarrettpx@psu.edu
935,pgardnerpy,rgriffinpy@sohu.com
936,ccrawfordpz,rruizpz@geocities.com
937,mdiazq0,amendozaq0@artisteer.com
938,esimpsonq1,dbryantq1@dailymail.co.uk
939,pshawq2,lcooperq2@yelp.com
940,ajonesq3,awheelerq3@latimes.com
941,clewisq4,sriceq4@mapquest.com
942,cgrantq5,jthompsonq5@nih.gov
943,mstoneq6,bnicholsq6@ft.com
944,drogersq7,rhartq7@marketwatch.com
945,awheelerq8,rscottq8@cdbaby.com
946,pdavisq9,ahillq9@sohu.com
947,dwoodqa,rwellsqa@businessinsider.com
948,bwhiteqb,jsandersqb@vimeo.com
949,jlynchqc,ghartqc@ihg.com
950,bmartinezqd,dclarkqd@tinyurl.com
951,nburtonqe,kcoxqe@nature.com
952,pclarkqf,srichardsqf@quantcast.com
953,rberryqg,amooreqg@china.com.cn
954,cgarciaqh,cstanleyqh@google.fr
955,scoleqi,jrichardsonqi@about.me
956,rhughesqj,kwoodsqj@google.fr
957,rjamesqk,kcastilloqk@twitter.com
958,kdunnql,nhernandezql@timesonline.co.uk
959,pbellqm,pjohnsonqm@ucsd.edu
960,akellyqn,nharrisonqn@theglobeandmail.com
961,jmartinezqo,mperkinsqo@ibm.com
962,dalexanderqp,tsimpsonqp@csmonitor.com
963,mwillisqq,parnoldqq@ocn.ne.jp
964,earnoldqr,hbryantqr@cam.ac.uk
965,lparkerqs,kandrewsqs@hp.com
966,cwilliamsonqt,apalmerqt@microsoft.com
967,jbellqu,rdayqu@godaddy.com
968,chansonqv,cwhiteqv@arstechnica.com
969,eevansqw,sstoneqw@wikimedia.org
970,rcoleqx,lphillipsqx@usa.gov
971,mwallaceqy,krichardsqy@sun.com
972,arossqz,rallenqz@nps.gov
973,mrobertsonr0,estephensr0@shop-pro.jp
974,tharrisr1,dkimr1@topsy.com
975,gfieldsr2,jbradleyr2@cbslocal.com
976,bwelchr3,lhendersonr3@networksolutions.com
977,nadamsr4,lrogersr4@gravatar.com
978,pmendozar5,pbarnesr5@tumblr.com
979,sperryr6,scookr6@addthis.com
980,jharrisonr7,ecollinsr7@google.it
981,kmarshallr8,jwellsr8@studiopress.com
982,dlittler9,jdeanr9@simplemachines.org
983,cbishopra,mcollinsra@skyrock.com
984,awheelerrb,ecarpenterrb@wired.com
985,rhughesrc,lcunninghamrc@odnoklassniki.ru
986,ethompsonrd,bfranklinrd@upenn.edu
987,sknightre,mrussellre@nsw.gov.au
988,asullivanrf,jthomasrf@cocolog-nifty.com
989,snicholsrg,dpalmerrg@about.com
990,dsnyderrh,lgardnerrh@discovery.com
991,atuckerri,brileyri@umn.edu
992,swrightrj,lmorenorj@answers.com
993,atorresrk,lbarnesrk@illinois.edu
994,pkellyrl,bramosrl@accuweather.com
995,amcdonaldrm,jelliottrm@admin.ch
996,dandersonrn,amarshallrn@live.com
997,jowensro,eschmidtro@ed.gov
998,sstephensrp,jbradleyrp@dropbox.com
999,revansrq,charrisonrq@army.mil
1000,jpiercerr,hfowlerrr@nature.com
